	WARCsize,TB 	Approx. Time to download,days	text size,TB	size reduction after warc2text	warc2text time,h
CC40	83	2.5	8.4	9.88095238095238	23
wide15	358	40	19	18.8421052631579	38
wide17	641	28	18	35.6111111111111	48
